id,name,short_name,type,headline,short_headline,current,previous,points,first_place_votes,trend,date,last_updated,record_summary,team_id,team_uid,team_location,team_name,team_nickname,team_abbreviation,team_color,team_logos,team_logo,occurrence_number,occurrence_type,occurrence_last,occurrence_value,occurrence_display_value,season_year,season_start_date,season_end_date,season_display_name,season_type_type,season_type_name,season_type_abbreviation,season_awards_ref,first_occurrence_type,first_occurrence_value
1,AP Top 25,AP Poll,ap,2026 NCAA Basketball Rankings - AP Top 25 Week 3,2026 : Week 3,1,2,775,31,+1,2026-04-06T07:00Z,2026-04-06T19:29Z,37-1,26,s:40~l:54~t:26,UCLA,Bruins,UCLA,UCLA,2774ae,,https://a.espncdn.com/i/teamlogos/ncaa/500/26.png,20,week,FALSE,3,Week 3,2026,2025-07-01T07:00Z,2026-04-08T06:59Z,2025-26,3,Postseason,post,http://sports.core.api.espn.pvt/v2/sports/basketball/leagues/womens-college-basketball/seasons/2026/awards?lang=en&region=us,week,1
1,AP Top 25,AP Poll,ap,2026 NCAA Basketball Rankings - AP Top 25 Week 3,2026 : Week 3,2,4,739,0,+2,2026-04-06T07:00Z,2026-04-06T19:29Z,36-4,2579,s:40~l:54~t:2579,South Carolina,Gamecocks,South Carolina,SC,73000a,,https://a.espncdn.com/i/teamlogos/ncaa/500/2579.png,20,week,FALSE,3,Week 3,2026,2025-07-01T07:00Z,2026-04-08T06:59Z,2025-26,3,Postseason,post,http://sports.core.api.espn.pvt/v2/sports/basketball/leagues/womens-college-basketball/seasons/2026/awards?lang=en&region=us,week,1
1,AP Top 25,AP Poll,ap,2026 NCAA Basketball Rankings - AP Top 25 Week 3,2026 : Week 3,3,1,704,0,-2,2026-04-06T07:00Z,2026-04-06T19:29Z,38-1,41,s:40~l:54~t:41,UConn,Huskies,UConn,CONN,0c2340,,https://a.espncdn.com/i/teamlogos/ncaa/500/41.png,20,week,FALSE,3,Week 3,2026,2025-07-01T07:00Z,2026-04-08T06:59Z,2025-26,3,Postseason,post,http://sports.core.api.espn.pvt/v2/sports/basketball/leagues/womens-college-basketball/seasons/2026/awards?lang=en&region=us,week,1
1,AP Top 25,AP Poll,ap,2026 NCAA Basketball Rankings - AP Top 25 Week 3,2026 : Week 3,4,3,696,0,-1,2026-04-06T07:00Z,2026-04-06T19:29Z,35-4,251,s:40~l:54~t:251,Texas,Longhorns,Texas,TEX,af5c37,,https://a.espncdn.com/i/teamlogos/ncaa/500/251.png,20,week,FALSE,3,Week 3,2026,2025-07-01T07:00Z,2026-04-08T06:59Z,2025-26,3,Postseason,post,http://sports.core.api.espn.pvt/v2/sports/basketball/leagues/womens-college-basketball/seasons/2026/awards?lang=en&region=us,week,1
1,AP Top 25,AP Poll,ap,2026 NCAA Basketball Rankings - AP Top 25 Week 3,2026 : Week 3,5,8,641,0,+3,2026-04-06T07:00Z,2026-04-06T19:29Z,27-9,150,s:40~l:54~t:150,Duke,Blue Devils,Duke,DUKE,00539b,,https://a.espncdn.com/i/teamlogos/ncaa/500/150.png,20,week,FALSE,3,Week 3,2026,2025-07-01T07:00Z,2026-04-08T06:59Z,2025-26,3,Postseason,post,http://sports.core.api.espn.pvt/v2/sports/basketball/leagues/womens-college-basketball/seasons/2026/awards?lang=en&region=us,week,1
1,AP Top 25,AP Poll,ap,2026 NCAA Basketball Rankings - AP Top 25 Week 3,2026 : Week 3,6,14,582,0,+8,2026-04-06T07:00Z,2026-04-06T19:29Z,32-6,2628,s:40~l:54~t:2628,TCU,Horned Frogs,TCU,TCU,4d1979,,https://a.espncdn.com/i/teamlogos/ncaa/500/2628.png,20,week,FALSE,3,Week 3,2026,2025-07-01T07:00Z,2026-04-08T06:59Z,2025-26,3,Postseason,post,http://sports.core.api.espn.pvt/v2/sports/basketball/leagues/womens-college-basketball/seasons/2026/awards?lang=en&region=us,week,1
1,AP Top 25,AP Poll,ap,2026 NCAA Basketball Rankings - AP Top 25 Week 3,2026 : Week 3,7,9,578,0,+2,2026-04-06T07:00Z,2026-04-06T19:29Z,28-7,130,s:40~l:54~t:130,Michigan,Wolverines,Michigan,MICH,00274c,,https://a.espncdn.com/i/teamlogos/ncaa/500/130.png,20,week,FALSE,3,Week 3,2026,2025-07-01T07:00Z,2026-04-08T06:59Z,2025-26,3,Postseason,post,http://sports.core.api.espn.pvt/v2/sports/basketball/leagues/womens-college-basketball/seasons/2026/awards?lang=en&region=us,week,1
1,AP Top 25,AP Poll,ap,2026 NCAA Basketball Rankings - AP Top 25 Week 3,2026 : Week 3,8,5,540,0,-3,2026-04-06T07:00Z,2026-04-06T19:29Z,29-6,99,s:40~l:54~t:99,LSU,Tigers,LSU,LSU,461d76,,https://a.espncdn.com/i/teamlogos/ncaa/500/99.png,20,week,FALSE,3,Week 3,2026,2025-07-01T07:00Z,2026-04-08T06:59Z,2025-26,3,Postseason,post,http://sports.core.api.espn.pvt/v2/sports/basketball/leagues/womens-college-basketball/seasons/2026/awards?lang=en&region=us,week,1
1,AP Top 25,AP Poll,ap,2026 NCAA Basketball Rankings - AP Top 25 Week 3,2026 : Week 3,9,22,524,0,+13,2026-04-06T07:00Z,2026-04-06T19:29Z,25-11,87,s:40~l:54~t:87,Notre Dame,Fighting Irish,Notre Dame,ND,062340,,https://a.espncdn.com/i/teamlogos/ncaa/500/87.png,20,week,FALSE,3,Week 3,2026,2025-07-01T07:00Z,2026-04-08T06:59Z,2025-26,3,Postseason,post,http://sports.core.api.espn.pvt/v2/sports/basketball/leagues/womens-college-basketball/seasons/2026/awards?lang=en&region=us,week,1
1,AP Top 25,AP Poll,ap,2026 NCAA Basketball Rankings - AP Top 25 Week 3,2026 : Week 3,10,6,518,0,-4,2026-04-06T07:00Z,2026-04-06T19:29Z,29-5,238,s:40~l:54~t:238,Vanderbilt,Commodores,Vanderbilt,VAN,000000,,https://a.espncdn.com/i/teamlogos/ncaa/500/238.png,20,week,FALSE,3,Week 3,2026,2025-07-01T07:00Z,2026-04-08T06:59Z,2025-26,3,Postseason,post,http://sports.core.api.espn.pvt/v2/sports/basketball/leagues/womens-college-basketball/seasons/2026/awards?lang=en&region=us,week,1
1,AP Top 25,AP Poll,ap,2026 NCAA Basketball Rankings - AP Top 25 Week 3,2026 : Week 3,11,13,438,0,+2,2026-04-06T07:00Z,2026-04-06T19:29Z,29-8,97,s:40~l:54~t:97,Louisville,Cardinals,Louisville,LOU,c9001f,,https://a.espncdn.com/i/teamlogos/ncaa/500/97.png,20,week,FALSE,3,Week 3,2026,2025-07-01T07:00Z,2026-04-08T06:59Z,2025-26,3,Postseason,post,http://sports.core.api.espn.pvt/v2/sports/basketball/leagues/womens-college-basketball/seasons/2026/awards?lang=en&region=us,week,1
1,AP Top 25,AP Poll,ap,2026 NCAA Basketball Rankings - AP Top 25 Week 3,2026 : Week 3,12,10,425,0,-2,2026-04-06T07:00Z,2026-04-06T19:29Z,26-8,201,s:40~l:54~t:201,Oklahoma,Sooners,Oklahoma,OU,990000,,https://a.espncdn.com/i/teamlogos/ncaa/500/201.png,20,week,FALSE,3,Week 3,2026,2025-07-01T07:00Z,2026-04-08T06:59Z,2025-26,3,Postseason,post,http://sports.core.api.espn.pvt/v2/sports/basketball/leagues/womens-college-basketball/seasons/2026/awards?lang=en&region=us,week,1
1,AP Top 25,AP Poll,ap,2026 NCAA Basketball Rankings - AP Top 25 Week 3,2026 : Week 3,13,15,382,0,+2,2026-04-06T07:00Z,2026-04-06T19:29Z,28-8,153,s:40~l:54~t:153,North Carolina,Tar Heels,North Carolina,UNC,7bafd4,,https://a.espncdn.com/i/teamlogos/ncaa/500/153.png,20,week,FALSE,3,Week 3,2026,2025-07-01T07:00Z,2026-04-08T06:59Z,2025-26,3,Postseason,post,http://sports.core.api.espn.pvt/v2/sports/basketball/leagues/womens-college-basketball/seasons/2026/awards?lang=en&region=us,week,1
1,AP Top 25,AP Poll,ap,2026 NCAA Basketball Rankings - AP Top 25 Week 3,2026 : Week 3,14,16,360,0,+2,2026-04-06T07:00Z,2026-04-06T19:29Z,25-11,96,s:40~l:54~t:96,Kentucky,Wildcats,Kentucky,UK,0033a0,,https://a.espncdn.com/i/teamlogos/ncaa/500/96.png,20,week,FALSE,3,Week 3,2026,2025-07-01T07:00Z,2026-04-08T06:59Z,2025-26,3,Postseason,post,http://sports.core.api.espn.pvt/v2/sports/basketball/leagues/womens-college-basketball/seasons/2026/awards?lang=en&region=us,week,1
1,AP Top 25,AP Poll,ap,2026 NCAA Basketball Rankings - AP Top 25 Week 3,2026 : Week 3,15,18,346,0,+3,2026-04-06T07:00Z,2026-04-06T19:29Z,24-9,135,s:40~l:54~t:135,Minnesota,Golden Gophers,Minnesota,MINN,5e0a2f,,https://a.espncdn.com/i/teamlogos/ncaa/500/135.png,20,week,FALSE,3,Week 3,2026,2025-07-01T07:00Z,2026-04-08T06:59Z,2025-26,3,Postseason,post,http://sports.core.api.espn.pvt/v2/sports/basketball/leagues/womens-college-basketball/seasons/2026/awards?lang=en&region=us,week,1
1,AP Top 25,AP Poll,ap,2026 NCAA Basketball Rankings - AP Top 25 Week 3,2026 : Week 3,16,7,279,0,-9,2026-04-06T07:00Z,2026-04-06T19:29Z,27-7,2294,s:40~l:54~t:2294,Iowa,Hawkeyes,Iowa,IOWA,231f20,,https://a.espncdn.com/i/teamlogos/ncaa/500/2294.png,20,week,FALSE,3,Week 3,2026,2025-07-01T07:00Z,2026-04-08T06:59Z,2025-26,3,Postseason,post,http://sports.core.api.espn.pvt/v2/sports/basketball/leagues/womens-college-basketball/seasons/2026/awards?lang=en&region=us,week,1
1,AP Top 25,AP Poll,ap,2026 NCAA Basketball Rankings - AP Top 25 Week 3,2026 : Week 3,17,12,253,0,-5,2026-04-06T07:00Z,2026-04-06T19:29Z,27-8,194,s:40~l:54~t:194,Ohio State,Buckeyes,Ohio State,OSU,ba0c2f,,https://a.espncdn.com/i/teamlogos/ncaa/500/194.png,20,week,FALSE,3,Week 3,2026,2025-07-01T07:00Z,2026-04-08T06:59Z,2025-26,3,Postseason,post,http://sports.core.api.espn.pvt/v2/sports/basketball/leagues/womens-college-basketball/seasons/2026/awards?lang=en&region=us,week,1
1,AP Top 25,AP Poll,ap,2026 NCAA Basketball Rankings - AP Top 25 Week 3,2026 : Week 3,18,11,246,0,-7,2026-04-06T07:00Z,2026-04-06T19:29Z,28-7,277,s:40~l:54~t:277,West Virginia,Mountaineers,West Virginia,WVU,eaaa00,,https://a.espncdn.com/i/teamlogos/ncaa/500/277.png,20,week,FALSE,3,Week 3,2026,2025-07-01T07:00Z,2026-04-08T06:59Z,2025-26,3,Postseason,post,http://sports.core.api.espn.pvt/v2/sports/basketball/leagues/womens-college-basketball/seasons/2026/awards?lang=en&region=us,week,1
1,AP Top 25,AP Poll,ap,2026 NCAA Basketball Rankings - AP Top 25 Week 3,2026 : Week 3,19,0,208,0,+7,2026-04-06T07:00Z,2026-04-06T19:29Z,22-12,258,s:40~l:54~t:258,Virginia,Cavaliers,Virginia,UVA,f84c1e,,https://a.espncdn.com/i/teamlogos/ncaa/500/258.png,20,week,FALSE,3,Week 3,2026,2025-07-01T07:00Z,2026-04-08T06:59Z,2025-26,3,Postseason,post,http://sports.core.api.espn.pvt/v2/sports/basketball/leagues/womens-college-basketball/seasons/2026/awards?lang=en&region=us,week,1
1,AP Top 25,AP Poll,ap,2026 NCAA Basketball Rankings - AP Top 25 Week 3,2026 : Week 3,20,17,204,0,-3,2026-04-06T07:00Z,2026-04-06T19:29Z,24-9,120,s:40~l:54~t:120,Maryland,Terrapins,Maryland,MD,ce1126,,https://a.espncdn.com/i/teamlogos/ncaa/500/120.png,20,week,FALSE,3,Week 3,2026,2025-07-01T07:00Z,2026-04-08T06:59Z,2025-26,3,Postseason,post,http://sports.core.api.espn.pvt/v2/sports/basketball/leagues/womens-college-basketball/seasons/2026/awards?lang=en&region=us,week,1
1,AP Top 25,AP Poll,ap,2026 NCAA Basketball Rankings - AP Top 25 Week 3,2026 : Week 3,21,19,193,0,-2,2026-04-06T07:00Z,2026-04-06T19:29Z,24-12,145,s:40~l:54~t:145,Ole Miss,Rebels,Ole Miss,MISS,13294b,,https://a.espncdn.com/i/teamlogos/ncaa/500/145.png,20,week,FALSE,3,Week 3,2026,2025-07-01T07:00Z,2026-04-08T06:59Z,2025-26,3,Postseason,post,http://sports.core.api.espn.pvt/v2/sports/basketball/leagues/womens-college-basketball/seasons/2026/awards?lang=en&region=us,week,1
1,AP Top 25,AP Poll,ap,2026 NCAA Basketball Rankings - AP Top 25 Week 3,2026 : Week 3,22,20,145,0,-2,2026-04-06T07:00Z,2026-04-06T19:29Z,23-9,127,s:40~l:54~t:127,Michigan State,Spartans,Michigan St,MSU,173f35,,https://a.espncdn.com/i/teamlogos/ncaa/500/127.png,20,week,FALSE,3,Week 3,2026,2025-07-01T07:00Z,2026-04-08T06:59Z,2025-26,3,Postseason,post,http://sports.core.api.espn.pvt/v2/sports/basketball/leagues/womens-college-basketball/seasons/2026/awards?lang=en&region=us,week,1
1,AP Top 25,AP Poll,ap,2026 NCAA Basketball Rankings - AP Top 25 Week 3,2026 : Week 3,23,21,88,0,-2,2026-04-06T07:00Z,2026-04-06T19:29Z,25-9,239,s:40~l:54~t:239,Baylor,Bears,Baylor,BAY,154734,,https://a.espncdn.com/i/teamlogos/ncaa/500/239.png,20,week,FALSE,3,Week 3,2026,2025-07-01T07:00Z,2026-04-08T06:59Z,2025-26,3,Postseason,post,http://sports.core.api.espn.pvt/v2/sports/basketball/leagues/womens-college-basketball/seasons/2026/awards?lang=en&region=us,week,1
1,AP Top 25,AP Poll,ap,2026 NCAA Basketball Rankings - AP Top 25 Week 3,2026 : Week 3,24,0,80,0,+2,2026-04-06T07:00Z,2026-04-06T19:29Z,24-11,333,s:40~l:54~t:333,Alabama,Crimson Tide,Alabama,ALA,9e1b32,,https://a.espncdn.com/i/teamlogos/ncaa/500/333.png,20,week,FALSE,3,Week 3,2026,2025-07-01T07:00Z,2026-04-08T06:59Z,2025-26,3,Postseason,post,http://sports.core.api.espn.pvt/v2/sports/basketball/leagues/womens-college-basketball/seasons/2026/awards?lang=en&region=us,week,1
1,AP Top 25,AP Poll,ap,2026 NCAA Basketball Rankings - AP Top 25 Week 3,2026 : Week 3,25,0,48,0,+1,2026-04-06T07:00Z,2026-04-06T19:29Z,22-11,264,s:40~l:54~t:264,Washington,Huskies,Washington,WASH,33006f,,https://a.espncdn.com/i/teamlogos/ncaa/500/264.png,20,week,FALSE,3,Week 3,2026,2025-07-01T07:00Z,2026-04-08T06:59Z,2025-26,3,Postseason,post,http://sports.core.api.espn.pvt/v2/sports/basketball/leagues/womens-college-basketball/seasons/2026/awards?lang=en&region=us,week,1
1,AP Top 25,AP Poll,ap,2026 NCAA Basketball Rankings - AP Top 25 Week 3,2026 : Week 3,0,25,22,0,+25,2026-04-06T07:00Z,2026-04-06T19:42Z,0-0,2641,s:40~l:54~t:2641,Texas Tech,Lady Raiders,Texas Tech,TTU,da291c,,https://a.espncdn.com/i/teamlogos/ncaa/500/2641.png,20,week,FALSE,3,Week 3,2026,2025-07-01T07:00Z,2026-04-08T06:59Z,2025-26,3,Postseason,post,http://sports.core.api.espn.pvt/v2/sports/basketball/leagues/womens-college-basketball/seasons/2026/awards?lang=en&region=us,week,1
1,AP Top 25,AP Poll,ap,2026 NCAA Basketball Rankings - AP Top 25 Week 3,2026 : Week 3,0,25,22,0,+25,2026-04-06T07:00Z,2026-04-06T19:42Z,0-0,2641,s:40~l:54~t:2641,Texas Tech,Lady Raiders,Texas Tech,TTU,da291c,,https://a.espncdn.com/i/teamlogos/ncaa/500/2641.png,20,week,FALSE,3,Week 3,2026,2025-07-01T07:00Z,2026-04-08T06:59Z,2025-26,3,Postseason,post,http://sports.core.api.espn.pvt/v2/sports/basketball/leagues/womens-college-basketball/seasons/2026/awards?lang=en&region=us,week,1
1,AP Top 25,AP Poll,ap,2026 NCAA Basketball Rankings - AP Top 25 Week 3,2026 : Week 3,0,23,13,0,+23,2026-04-06T07:00Z,2026-04-06T19:42Z,0-0,163,s:40~l:54~t:163,Princeton,Tigers,Princeton,PRIN,000000,,https://a.espncdn.com/i/teamlogos/ncaa/500/163.png,20,week,FALSE,3,Week 3,2026,2025-07-01T07:00Z,2026-04-08T06:59Z,2025-26,3,Postseason,post,http://sports.core.api.espn.pvt/v2/sports/basketball/leagues/womens-college-basketball/seasons/2026/awards?lang=en&region=us,week,1
1,AP Top 25,AP Poll,ap,2026 NCAA Basketball Rankings - AP Top 25 Week 3,2026 : Week 3,0,23,13,0,+23,2026-04-06T07:00Z,2026-04-06T19:42Z,0-0,163,s:40~l:54~t:163,Princeton,Tigers,Princeton,PRIN,000000,,https://a.espncdn.com/i/teamlogos/ncaa/500/163.png,20,week,FALSE,3,Week 3,2026,2025-07-01T07:00Z,2026-04-08T06:59Z,2025-26,3,Postseason,post,http://sports.core.api.espn.pvt/v2/sports/basketball/leagues/womens-college-basketball/seasons/2026/awards?lang=en&region=us,week,1
1,AP Top 25,AP Poll,ap,2026 NCAA Basketball Rankings - AP Top 25 Week 3,2026 : Week 3,0,0,11,0,+26,2026-04-06T07:00Z,2026-04-06T19:42Z,0-0,197,s:40~l:54~t:197,Oklahoma State,Cowgirls,Oklahoma St,OKST,fe5c00,,https://a.espncdn.com/i/teamlogos/ncaa/500/197.png,20,week,FALSE,3,Week 3,2026,2025-07-01T07:00Z,2026-04-08T06:59Z,2025-26,3,Postseason,post,http://sports.core.api.espn.pvt/v2/sports/basketball/leagues/womens-college-basketball/seasons/2026/awards?lang=en&region=us,week,1
1,AP Top 25,AP Poll,ap,2026 NCAA Basketball Rankings - AP Top 25 Week 3,2026 : Week 3,0,0,7,0,+26,2026-04-06T07:00Z,2026-04-06T19:42Z,0-0,356,s:40~l:54~t:356,Illinois,Fighting Illini,Illinois,ILL,ff5f05,,https://a.espncdn.com/i/teamlogos/ncaa/500/356.png,20,week,FALSE,3,Week 3,2026,2025-07-01T07:00Z,2026-04-08T06:59Z,2025-26,3,Postseason,post,http://sports.core.api.espn.pvt/v2/sports/basketball/leagues/womens-college-basketball/seasons/2026/awards?lang=en&region=us,week,1
1,AP Top 25,AP Poll,ap,2026 NCAA Basketball Rankings - AP Top 25 Week 3,2026 : Week 3,0,24,7,0,+24,2026-04-06T07:00Z,2026-04-06T19:42Z,0-0,61,s:40~l:54~t:61,Georgia,Lady Bulldogs,Georgia,UGA,ba0c2f,,https://a.espncdn.com/i/teamlogos/ncaa/500/61.png,20,week,FALSE,3,Week 3,2026,2025-07-01T07:00Z,2026-04-08T06:59Z,2025-26,3,Postseason,post,http://sports.core.api.espn.pvt/v2/sports/basketball/leagues/womens-college-basketball/seasons/2026/awards?lang=en&region=us,week,1
1,AP Top 25,AP Poll,ap,2026 NCAA Basketball Rankings - AP Top 25 Week 3,2026 : Week 3,0,24,7,0,+24,2026-04-06T07:00Z,2026-04-06T19:42Z,0-0,61,s:40~l:54~t:61,Georgia,Lady Bulldogs,Georgia,UGA,ba0c2f,,https://a.espncdn.com/i/teamlogos/ncaa/500/61.png,20,week,FALSE,3,Week 3,2026,2025-07-01T07:00Z,2026-04-08T06:59Z,2025-26,3,Postseason,post,http://sports.core.api.espn.pvt/v2/sports/basketball/leagues/womens-college-basketball/seasons/2026/awards?lang=en&region=us,week,1
1,AP Top 25,AP Poll,ap,2026 NCAA Basketball Rankings - AP Top 25 Week 3,2026 : Week 3,0,0,5,0,+26,2026-04-06T07:00Z,2026-04-06T19:42Z,0-0,2217,s:40~l:54~t:2217,Fairfield,Stags,Fairfield,FAIR,000000,,https://a.espncdn.com/i/teamlogos/ncaa/500/2217.png,20,week,FALSE,3,Week 3,2026,2025-07-01T07:00Z,2026-04-08T06:59Z,2025-26,3,Postseason,post,http://sports.core.api.espn.pvt/v2/sports/basketball/leagues/womens-college-basketball/seasons/2026/awards?lang=en&region=us,week,1
1,AP Top 25,AP Poll,ap,2026 NCAA Basketball Rankings - AP Top 25 Week 3,2026 : Week 3,0,0,5,0,+26,2026-04-06T07:00Z,2026-04-06T19:42Z,0-0,171,s:40~l:54~t:171,Columbia,Lions,Columbia,COLU,7ba4db,,https://a.espncdn.com/i/teamlogos/ncaa/500/171.png,20,week,FALSE,3,Week 3,2026,2025-07-01T07:00Z,2026-04-08T06:59Z,2025-26,3,Postseason,post,http://sports.core.api.espn.pvt/v2/sports/basketball/leagues/womens-college-basketball/seasons/2026/awards?lang=en&region=us,week,1
1,AP Top 25,AP Poll,ap,2026 NCAA Basketball Rankings - AP Top 25 Week 3,2026 : Week 3,0,0,3,0,+26,2026-04-06T07:00Z,2026-04-06T19:42Z,0-0,276,s:40~l:54~t:276,Marshall,Thundering Herd,Marshall,MRSH,00b140,,https://a.espncdn.com/i/teamlogos/ncaa/500/276.png,20,week,FALSE,3,Week 3,2026,2025-07-01T07:00Z,2026-04-08T06:59Z,2025-26,3,Postseason,post,http://sports.core.api.espn.pvt/v2/sports/basketball/leagues/womens-college-basketball/seasons/2026/awards?lang=en&region=us,week,1
1,AP Top 25,AP Poll,ap,2026 NCAA Basketball Rankings - AP Top 25 Week 3,2026 : Week 3,0,0,3,0,+26,2026-04-06T07:00Z,2026-04-06T19:42Z,0-0,222,s:40~l:54~t:222,Villanova,Wildcats,Villanova,VILL,00205b,,https://a.espncdn.com/i/teamlogos/ncaa/500/222.png,20,week,FALSE,3,Week 3,2026,2025-07-01T07:00Z,2026-04-08T06:59Z,2025-26,3,Postseason,post,http://sports.core.api.espn.pvt/v2/sports/basketball/leagues/womens-college-basketball/seasons/2026/awards?lang=en&region=us,week,1
1,AP Top 25,AP Poll,ap,2026 NCAA Basketball Rankings - AP Top 25 Week 3,2026 : Week 3,0,0,2,0,+26,2026-04-06T07:00Z,2026-04-06T19:42Z,0-0,2483,s:40~l:54~t:2483,Oregon,Ducks,Oregon,ORE,00934b,,https://a.espncdn.com/i/teamlogos/ncaa/500/2483.png,20,week,FALSE,3,Week 3,2026,2025-07-01T07:00Z,2026-04-08T06:59Z,2025-26,3,Postseason,post,http://sports.core.api.espn.pvt/v2/sports/basketball/leagues/womens-college-basketball/seasons/2026/awards?lang=en&region=us,week,1
1,AP Top 25,AP Poll,ap,2026 NCAA Basketball Rankings - AP Top 25 Week 3,2026 : Week 3,0,0,2,0,+26,2026-04-06T07:00Z,2026-04-06T19:42Z,0-0,227,s:40~l:54~t:227,Rhode Island,Rams,Rhode Island,URI,091f3f,,https://a.espncdn.com/i/teamlogos/ncaa/500/227.png,20,week,FALSE,3,Week 3,2026,2025-07-01T07:00Z,2026-04-08T06:59Z,2025-26,3,Postseason,post,http://sports.core.api.espn.pvt/v2/sports/basketball/leagues/womens-college-basketball/seasons/2026/awards?lang=en&region=us,week,1
1,AP Top 25,AP Poll,ap,2026 NCAA Basketball Rankings - AP Top 25 Week 3,2026 : Week 3,0,0,2,0,+26,2026-04-06T07:00Z,2026-04-06T19:42Z,0-0,152,s:40~l:54~t:152,NC State,Wolfpack,NC State,NCSU,cc0000,,https://a.espncdn.com/i/teamlogos/ncaa/500/152.png,20,week,FALSE,3,Week 3,2026,2025-07-01T07:00Z,2026-04-08T06:59Z,2025-26,3,Postseason,post,http://sports.core.api.espn.pvt/v2/sports/basketball/leagues/womens-college-basketball/seasons/2026/awards?lang=en&region=us,week,1
1,AP Top 25,AP Poll,ap,2026 NCAA Basketball Rankings - AP Top 25 Week 3,2026 : Week 3,0,0,1,0,+26,2026-04-06T07:00Z,2026-04-06T19:42Z,0-0,183,s:40~l:54~t:183,Syracuse,Orange,Syracuse,SYR,000e54,,https://a.espncdn.com/i/teamlogos/ncaa/500/183.png,20,week,FALSE,3,Week 3,2026,2025-07-01T07:00Z,2026-04-08T06:59Z,2025-26,3,Postseason,post,http://sports.core.api.espn.pvt/v2/sports/basketball/leagues/womens-college-basketball/seasons/2026/awards?lang=en&region=us,week,1
2,Coaches Poll,Coaches Poll,usa,2026 NCAA Basketball Rankings - Coaches Poll Week 3,2026 : Week 3,1,2,775,31,+1,2026-04-06T07:00Z,2026-04-06T20:16Z,37-1,26,s:40~l:54~t:26,UCLA,Bruins,UCLA,UCLA,2774ae,,https://a.espncdn.com/i/teamlogos/ncaa/500/26.png,21,week,FALSE,3,Week 3,2026,2025-07-01T07:00Z,2026-04-08T06:59Z,2025-26,3,Postseason,post,http://sports.core.api.espn.pvt/v2/sports/basketball/leagues/womens-college-basketball/seasons/2026/awards?lang=en&region=us,week,1
2,Coaches Poll,Coaches Poll,usa,2026 NCAA Basketball Rankings - Coaches Poll Week 3,2026 : Week 3,2,4,744,0,+2,2026-04-06T07:00Z,2026-04-06T20:16Z,36-4,2579,s:40~l:54~t:2579,South Carolina,Gamecocks,South Carolina,SC,73000a,,https://a.espncdn.com/i/teamlogos/ncaa/500/2579.png,21,week,FALSE,3,Week 3,2026,2025-07-01T07:00Z,2026-04-08T06:59Z,2025-26,3,Postseason,post,http://sports.core.api.espn.pvt/v2/sports/basketball/leagues/womens-college-basketball/seasons/2026/awards?lang=en&region=us,week,1
2,Coaches Poll,Coaches Poll,usa,2026 NCAA Basketball Rankings - Coaches Poll Week 3,2026 : Week 3,3,1,709,0,-2,2026-04-06T07:00Z,2026-04-06T20:16Z,38-1,41,s:40~l:54~t:41,UConn,Huskies,UConn,CONN,0c2340,,https://a.espncdn.com/i/teamlogos/ncaa/500/41.png,21,week,FALSE,3,Week 3,2026,2025-07-01T07:00Z,2026-04-08T06:59Z,2025-26,3,Postseason,post,http://sports.core.api.espn.pvt/v2/sports/basketball/leagues/womens-college-basketball/seasons/2026/awards?lang=en&region=us,week,1
2,Coaches Poll,Coaches Poll,usa,2026 NCAA Basketball Rankings - Coaches Poll Week 3,2026 : Week 3,4,3,686,0,-1,2026-04-06T07:00Z,2026-04-06T20:16Z,35-4,251,s:40~l:54~t:251,Texas,Longhorns,Texas,TEX,af5c37,,https://a.espncdn.com/i/teamlogos/ncaa/500/251.png,21,week,FALSE,3,Week 3,2026,2025-07-01T07:00Z,2026-04-08T06:59Z,2025-26,3,Postseason,post,http://sports.core.api.espn.pvt/v2/sports/basketball/leagues/womens-college-basketball/seasons/2026/awards?lang=en&region=us,week,1
2,Coaches Poll,Coaches Poll,usa,2026 NCAA Basketball Rankings - Coaches Poll Week 3,2026 : Week 3,5,10,602,0,+5,2026-04-06T07:00Z,2026-04-06T20:16Z,27-9,150,s:40~l:54~t:150,Duke,Blue Devils,Duke,DUKE,00539b,,https://a.espncdn.com/i/teamlogos/ncaa/500/150.png,21,week,FALSE,3,Week 3,2026,2025-07-01T07:00Z,2026-04-08T06:59Z,2025-26,3,Postseason,post,http://sports.core.api.espn.pvt/v2/sports/basketball/leagues/womens-college-basketball/seasons/2026/awards?lang=en&region=us,week,1
2,Coaches Poll,Coaches Poll,usa,2026 NCAA Basketball Rankings - Coaches Poll Week 3,2026 : Week 3,6,8,584,0,+2,2026-04-06T07:00Z,2026-04-06T20:16Z,28-7,130,s:40~l:54~t:130,Michigan,Wolverines,Michigan,MICH,00274c,,https://a.espncdn.com/i/teamlogos/ncaa/500/130.png,21,week,FALSE,3,Week 3,2026,2025-07-01T07:00Z,2026-04-08T06:59Z,2025-26,3,Postseason,post,http://sports.core.api.espn.pvt/v2/sports/basketball/leagues/womens-college-basketball/seasons/2026/awards?lang=en&region=us,week,1
2,Coaches Poll,Coaches Poll,usa,2026 NCAA Basketball Rankings - Coaches Poll Week 3,2026 : Week 3,7,5,568,0,-2,2026-04-06T07:00Z,2026-04-06T20:16Z,29-6,99,s:40~l:54~t:99,LSU,Tigers,LSU,LSU,461d76,,https://a.espncdn.com/i/teamlogos/ncaa/500/99.png,21,week,FALSE,3,Week 3,2026,2025-07-01T07:00Z,2026-04-08T06:59Z,2025-26,3,Postseason,post,http://sports.core.api.espn.pvt/v2/sports/basketball/leagues/womens-college-basketball/seasons/2026/awards?lang=en&region=us,week,1
2,Coaches Poll,Coaches Poll,usa,2026 NCAA Basketball Rankings - Coaches Poll Week 3,2026 : Week 3,8,6,565,0,-2,2026-04-06T07:00Z,2026-04-06T20:16Z,29-5,238,s:40~l:54~t:238,Vanderbilt,Commodores,Vanderbilt,VAN,000000,,https://a.espncdn.com/i/teamlogos/ncaa/500/238.png,21,week,FALSE,3,Week 3,2026,2025-07-01T07:00Z,2026-04-08T06:59Z,2025-26,3,Postseason,post,http://sports.core.api.espn.pvt/v2/sports/basketball/leagues/womens-college-basketball/seasons/2026/awards?lang=en&region=us,week,1
2,Coaches Poll,Coaches Poll,usa,2026 NCAA Basketball Rankings - Coaches Poll Week 3,2026 : Week 3,9,12,518,0,+3,2026-04-06T07:00Z,2026-04-06T20:16Z,32-6,2628,s:40~l:54~t:2628,TCU,Horned Frogs,TCU,TCU,4d1979,,https://a.espncdn.com/i/teamlogos/ncaa/500/2628.png,21,week,FALSE,3,Week 3,2026,2025-07-01T07:00Z,2026-04-08T06:59Z,2025-26,3,Postseason,post,http://sports.core.api.espn.pvt/v2/sports/basketball/leagues/womens-college-basketball/seasons/2026/awards?lang=en&region=us,week,1
2,Coaches Poll,Coaches Poll,usa,2026 NCAA Basketball Rankings - Coaches Poll Week 3,2026 : Week 3,10,9,474,0,-1,2026-04-06T07:00Z,2026-04-06T20:16Z,26-8,201,s:40~l:54~t:201,Oklahoma,Sooners,Oklahoma,OU,990000,,https://a.espncdn.com/i/teamlogos/ncaa/500/201.png,21,week,FALSE,3,Week 3,2026,2025-07-01T07:00Z,2026-04-08T06:59Z,2025-26,3,Postseason,post,http://sports.core.api.espn.pvt/v2/sports/basketball/leagues/womens-college-basketball/seasons/2026/awards?lang=en&region=us,week,1
2,Coaches Poll,Coaches Poll,usa,2026 NCAA Basketball Rankings - Coaches Poll Week 3,2026 : Week 3,11,14,404,0,+3,2026-04-06T07:00Z,2026-04-06T20:16Z,29-8,97,s:40~l:54~t:97,Louisville,Cardinals,Louisville,LOU,c9001f,,https://a.espncdn.com/i/teamlogos/ncaa/500/97.png,21,week,FALSE,3,Week 3,2026,2025-07-01T07:00Z,2026-04-08T06:59Z,2025-26,3,Postseason,post,http://sports.core.api.espn.pvt/v2/sports/basketball/leagues/womens-college-basketball/seasons/2026/awards?lang=en&region=us,week,1
2,Coaches Poll,Coaches Poll,usa,2026 NCAA Basketball Rankings - Coaches Poll Week 3,2026 : Week 3,12,7,390,0,-5,2026-04-06T07:00Z,2026-04-06T20:16Z,27-7,2294,s:40~l:54~t:2294,Iowa,Hawkeyes,Iowa,IOWA,231f20,,https://a.espncdn.com/i/teamlogos/ncaa/500/2294.png,21,week,FALSE,3,Week 3,2026,2025-07-01T07:00Z,2026-04-08T06:59Z,2025-26,3,Postseason,post,http://sports.core.api.espn.pvt/v2/sports/basketball/leagues/womens-college-basketball/seasons/2026/awards?lang=en&region=us,week,1
2,Coaches Poll,Coaches Poll,usa,2026 NCAA Basketball Rankings - Coaches Poll Week 3,2026 : Week 3,13,15,374,0,+2,2026-04-06T07:00Z,2026-04-06T20:16Z,28-8,153,s:40~l:54~t:153,North Carolina,Tar Heels,North Carolina,UNC,7bafd4,,https://a.espncdn.com/i/teamlogos/ncaa/500/153.png,21,week,FALSE,3,Week 3,2026,2025-07-01T07:00Z,2026-04-08T06:59Z,2025-26,3,Postseason,post,http://sports.core.api.espn.pvt/v2/sports/basketball/leagues/womens-college-basketball/seasons/2026/awards?lang=en&region=us,week,1
2,Coaches Poll,Coaches Poll,usa,2026 NCAA Basketball Rankings - Coaches Poll Week 3,2026 : Week 3,14,25,352,0,+11,2026-04-06T07:00Z,2026-04-06T20:16Z,25-11,87,s:40~l:54~t:87,Notre Dame,Fighting Irish,Notre Dame,ND,062340,,https://a.espncdn.com/i/teamlogos/ncaa/500/87.png,21,week,FALSE,3,Week 3,2026,2025-07-01T07:00Z,2026-04-08T06:59Z,2025-26,3,Postseason,post,http://sports.core.api.espn.pvt/v2/sports/basketball/leagues/womens-college-basketball/seasons/2026/awards?lang=en&region=us,week,1
2,Coaches Poll,Coaches Poll,usa,2026 NCAA Basketball Rankings - Coaches Poll Week 3,2026 : Week 3,15,11,350,0,-4,2026-04-06T07:00Z,2026-04-06T20:16Z,27-8,194,s:40~l:54~t:194,Ohio State,Buckeyes,Ohio State,OSU,ba0c2f,,https://a.espncdn.com/i/teamlogos/ncaa/500/194.png,21,week,FALSE,3,Week 3,2026,2025-07-01T07:00Z,2026-04-08T06:59Z,2025-26,3,Postseason,post,http://sports.core.api.espn.pvt/v2/sports/basketball/leagues/womens-college-basketball/seasons/2026/awards?lang=en&region=us,week,1
2,Coaches Poll,Coaches Poll,usa,2026 NCAA Basketball Rankings - Coaches Poll Week 3,2026 : Week 3,16,13,327,0,-3,2026-04-06T07:00Z,2026-04-06T20:16Z,28-7,277,s:40~l:54~t:277,West Virginia,Mountaineers,West Virginia,WVU,eaaa00,,https://a.espncdn.com/i/teamlogos/ncaa/500/277.png,21,week,FALSE,3,Week 3,2026,2025-07-01T07:00Z,2026-04-08T06:59Z,2025-26,3,Postseason,post,http://sports.core.api.espn.pvt/v2/sports/basketball/leagues/womens-college-basketball/seasons/2026/awards?lang=en&region=us,week,1
2,Coaches Poll,Coaches Poll,usa,2026 NCAA Basketball Rankings - Coaches Poll Week 3,2026 : Week 3,17,17,315,0,-,2026-04-06T07:00Z,2026-04-06T20:16Z,25-11,96,s:40~l:54~t:96,Kentucky,Wildcats,Kentucky,UK,0033a0,,https://a.espncdn.com/i/teamlogos/ncaa/500/96.png,21,week,FALSE,3,Week 3,2026,2025-07-01T07:00Z,2026-04-08T06:59Z,2025-26,3,Postseason,post,http://sports.core.api.espn.pvt/v2/sports/basketball/leagues/womens-college-basketball/seasons/2026/awards?lang=en&region=us,week,1
2,Coaches Poll,Coaches Poll,usa,2026 NCAA Basketball Rankings - Coaches Poll Week 3,2026 : Week 3,18,19,290,0,+1,2026-04-06T07:00Z,2026-04-06T20:16Z,24-9,135,s:40~l:54~t:135,Minnesota,Golden Gophers,Minnesota,MINN,5e0a2f,,https://a.espncdn.com/i/teamlogos/ncaa/500/135.png,21,week,FALSE,3,Week 3,2026,2025-07-01T07:00Z,2026-04-08T06:59Z,2025-26,3,Postseason,post,http://sports.core.api.espn.pvt/v2/sports/basketball/leagues/womens-college-basketball/seasons/2026/awards?lang=en&region=us,week,1
2,Coaches Poll,Coaches Poll,usa,2026 NCAA Basketball Rankings - Coaches Poll Week 3,2026 : Week 3,19,16,246,0,-3,2026-04-06T07:00Z,2026-04-06T20:16Z,24-9,120,s:40~l:54~t:120,Maryland,Terrapins,Maryland,MD,ce1126,,https://a.espncdn.com/i/teamlogos/ncaa/500/120.png,21,week,FALSE,3,Week 3,2026,2025-07-01T07:00Z,2026-04-08T06:59Z,2025-26,3,Postseason,post,http://sports.core.api.espn.pvt/v2/sports/basketball/leagues/womens-college-basketball/seasons/2026/awards?lang=en&region=us,week,1
2,Coaches Poll,Coaches Poll,usa,2026 NCAA Basketball Rankings - Coaches Poll Week 3,2026 : Week 3,20,18,197,0,-2,2026-04-06T07:00Z,2026-04-06T20:16Z,23-9,127,s:40~l:54~t:127,Michigan State,Spartans,Michigan St,MSU,173f35,,https://a.espncdn.com/i/teamlogos/ncaa/500/127.png,21,week,FALSE,3,Week 3,2026,2025-07-01T07:00Z,2026-04-08T06:59Z,2025-26,3,Postseason,post,http://sports.core.api.espn.pvt/v2/sports/basketball/leagues/womens-college-basketball/seasons/2026/awards?lang=en&region=us,week,1
2,Coaches Poll,Coaches Poll,usa,2026 NCAA Basketball Rankings - Coaches Poll Week 3,2026 : Week 3,21,21,166,0,-,2026-04-06T07:00Z,2026-04-06T20:16Z,25-9,239,s:40~l:54~t:239,Baylor,Bears,Baylor,BAY,154734,,https://a.espncdn.com/i/teamlogos/ncaa/500/239.png,21,week,FALSE,3,Week 3,2026,2025-07-01T07:00Z,2026-04-08T06:59Z,2025-26,3,Postseason,post,http://sports.core.api.espn.pvt/v2/sports/basketball/leagues/womens-college-basketball/seasons/2026/awards?lang=en&region=us,week,1
2,Coaches Poll,Coaches Poll,usa,2026 NCAA Basketball Rankings - Coaches Poll Week 3,2026 : Week 3,22,20,161,0,-2,2026-04-06T07:00Z,2026-04-06T20:18Z,24-12,145,s:40~l:54~t:145,Ole Miss,Rebels,Ole Miss,MISS,13294b,,https://a.espncdn.com/i/teamlogos/ncaa/500/145.png,21,week,FALSE,3,Week 3,2026,2025-07-01T07:00Z,2026-04-08T06:59Z,2025-26,3,Postseason,post,http://sports.core.api.espn.pvt/v2/sports/basketball/leagues/womens-college-basketball/seasons/2026/awards?lang=en&region=us,week,1
2,Coaches Poll,Coaches Poll,usa,2026 NCAA Basketball Rankings - Coaches Poll Week 3,2026 : Week 3,23,22,89,0,-1,2026-04-06T07:00Z,2026-04-06T20:16Z,26-8,2641,s:40~l:54~t:2641,Texas Tech,Lady Raiders,Texas Tech,TTU,da291c,,https://a.espncdn.com/i/teamlogos/ncaa/500/2641.png,21,week,FALSE,3,Week 3,2026,2025-07-01T07:00Z,2026-04-08T06:59Z,2025-26,3,Postseason,post,http://sports.core.api.espn.pvt/v2/sports/basketball/leagues/womens-college-basketball/seasons/2026/awards?lang=en&region=us,week,1
2,Coaches Poll,Coaches Poll,usa,2026 NCAA Basketball Rankings - Coaches Poll Week 3,2026 : Week 3,24,0,51,0,+2,2026-04-06T07:00Z,2026-04-06T20:16Z,22-12,258,s:40~l:54~t:258,Virginia,Cavaliers,Virginia,UVA,f84c1e,,https://a.espncdn.com/i/teamlogos/ncaa/500/258.png,21,week,FALSE,3,Week 3,2026,2025-07-01T07:00Z,2026-04-08T06:59Z,2025-26,3,Postseason,post,http://sports.core.api.espn.pvt/v2/sports/basketball/leagues/womens-college-basketball/seasons/2026/awards?lang=en&region=us,week,1
2,Coaches Poll,Coaches Poll,usa,2026 NCAA Basketball Rankings - Coaches Poll Week 3,2026 : Week 3,25,23,46,0,-2,2026-04-06T07:00Z,2026-04-06T20:16Z,26-4,163,s:40~l:54~t:163,Princeton,Tigers,Princeton,PRIN,000000,,https://a.espncdn.com/i/teamlogos/ncaa/500/163.png,21,week,FALSE,3,Week 3,2026,2025-07-01T07:00Z,2026-04-08T06:59Z,2025-26,3,Postseason,post,http://sports.core.api.espn.pvt/v2/sports/basketball/leagues/womens-college-basketball/seasons/2026/awards?lang=en&region=us,week,1
2,Coaches Poll,Coaches Poll,usa,2026 NCAA Basketball Rankings - Coaches Poll Week 3,2026 : Week 3,0,24,29,0,+24,2026-04-06T07:00Z,2026-04-06T20:26Z,0-0,61,s:40~l:54~t:61,Georgia,Lady Bulldogs,Georgia,UGA,ba0c2f,,https://a.espncdn.com/i/teamlogos/ncaa/500/61.png,21,week,FALSE,3,Week 3,2026,2025-07-01T07:00Z,2026-04-08T06:59Z,2025-26,3,Postseason,post,http://sports.core.api.espn.pvt/v2/sports/basketball/leagues/womens-college-basketball/seasons/2026/awards?lang=en&region=us,week,1
2,Coaches Poll,Coaches Poll,usa,2026 NCAA Basketball Rankings - Coaches Poll Week 3,2026 : Week 3,0,24,29,0,+24,2026-04-06T07:00Z,2026-04-06T20:26Z,0-0,61,s:40~l:54~t:61,Georgia,Lady Bulldogs,Georgia,UGA,ba0c2f,,https://a.espncdn.com/i/teamlogos/ncaa/500/61.png,21,week,FALSE,3,Week 3,2026,2025-07-01T07:00Z,2026-04-08T06:59Z,2025-26,3,Postseason,post,http://sports.core.api.espn.pvt/v2/sports/basketball/leagues/womens-college-basketball/seasons/2026/awards?lang=en&region=us,week,1
2,Coaches Poll,Coaches Poll,usa,2026 NCAA Basketball Rankings - Coaches Poll Week 3,2026 : Week 3,0,0,28,0,+26,2026-04-06T07:00Z,2026-04-06T20:26Z,0-0,333,s:40~l:54~t:333,Alabama,Crimson Tide,Alabama,ALA,9e1b32,,https://a.espncdn.com/i/teamlogos/ncaa/500/333.png,21,week,FALSE,3,Week 3,2026,2025-07-01T07:00Z,2026-04-08T06:59Z,2025-26,3,Postseason,post,http://sports.core.api.espn.pvt/v2/sports/basketball/leagues/womens-college-basketball/seasons/2026/awards?lang=en&region=us,week,1
2,Coaches Poll,Coaches Poll,usa,2026 NCAA Basketball Rankings - Coaches Poll Week 3,2026 : Week 3,0,0,14,0,+26,2026-04-06T07:00Z,2026-04-06T20:26Z,0-0,264,s:40~l:54~t:264,Washington,Huskies,Washington,WASH,33006f,,https://a.espncdn.com/i/teamlogos/ncaa/500/264.png,21,week,FALSE,3,Week 3,2026,2025-07-01T07:00Z,2026-04-08T06:59Z,2025-26,3,Postseason,post,http://sports.core.api.espn.pvt/v2/sports/basketball/leagues/womens-college-basketball/seasons/2026/awards?lang=en&region=us,week,1
2,Coaches Poll,Coaches Poll,usa,2026 NCAA Basketball Rankings - Coaches Poll Week 3,2026 : Week 3,0,0,6,0,+26,2026-04-06T07:00Z,2026-04-06T20:26Z,0-0,356,s:40~l:54~t:356,Illinois,Fighting Illini,Illinois,ILL,ff5f05,,https://a.espncdn.com/i/teamlogos/ncaa/500/356.png,21,week,FALSE,3,Week 3,2026,2025-07-01T07:00Z,2026-04-08T06:59Z,2025-26,3,Postseason,post,http://sports.core.api.espn.pvt/v2/sports/basketball/leagues/womens-college-basketball/seasons/2026/awards?lang=en&region=us,week,1
2,Coaches Poll,Coaches Poll,usa,2026 NCAA Basketball Rankings - Coaches Poll Week 3,2026 : Week 3,0,0,4,0,+26,2026-04-06T07:00Z,2026-04-06T20:26Z,0-0,66,s:40~l:54~t:66,Iowa State,Cyclones,Iowa State,ISU,ae192d,,https://a.espncdn.com/i/teamlogos/ncaa/500/66.png,21,week,FALSE,3,Week 3,2026,2025-07-01T07:00Z,2026-04-08T06:59Z,2025-26,3,Postseason,post,http://sports.core.api.espn.pvt/v2/sports/basketball/leagues/womens-college-basketball/seasons/2026/awards?lang=en&region=us,week,1
2,Coaches Poll,Coaches Poll,usa,2026 NCAA Basketball Rankings - Coaches Poll Week 3,2026 : Week 3,0,0,3,0,+26,2026-04-06T07:00Z,2026-04-06T20:26Z,0-0,2571,s:40~l:54~t:2571,South Dakota State,Jackrabbits,S Dakota St,SDST,0033a0,,https://a.espncdn.com/i/teamlogos/ncaa/500/2571.png,21,week,FALSE,3,Week 3,2026,2025-07-01T07:00Z,2026-04-08T06:59Z,2025-26,3,Postseason,post,http://sports.core.api.espn.pvt/v2/sports/basketball/leagues/womens-college-basketball/seasons/2026/awards?lang=en&region=us,week,1
2,Coaches Poll,Coaches Poll,usa,2026 NCAA Basketball Rankings - Coaches Poll Week 3,2026 : Week 3,0,0,2,0,+26,2026-04-06T07:00Z,2026-04-06T20:26Z,0-0,242,s:40~l:54~t:242,Rice,Owls,Rice,RICE,00205b,,https://a.espncdn.com/i/teamlogos/ncaa/500/242.png,21,week,FALSE,3,Week 3,2026,2025-07-01T07:00Z,2026-04-08T06:59Z,2025-26,3,Postseason,post,http://sports.core.api.espn.pvt/v2/sports/basketball/leagues/womens-college-basketball/seasons/2026/awards?lang=en&region=us,week,1
2,Coaches Poll,Coaches Poll,usa,2026 NCAA Basketball Rankings - Coaches Poll Week 3,2026 : Week 3,0,0,2,0,+26,2026-04-06T07:00Z,2026-04-06T20:26Z,0-0,171,s:40~l:54~t:171,Columbia,Lions,Columbia,COLU,7ba4db,,https://a.espncdn.com/i/teamlogos/ncaa/500/171.png,21,week,FALSE,3,Week 3,2026,2025-07-01T07:00Z,2026-04-08T06:59Z,2025-26,3,Postseason,post,http://sports.core.api.espn.pvt/v2/sports/basketball/leagues/womens-college-basketball/seasons/2026/awards?lang=en&region=us,week,1
2,Coaches Poll,Coaches Poll,usa,2026 NCAA Basketball Rankings - Coaches Poll Week 3,2026 : Week 3,0,0,1,0,+26,2026-04-06T07:00Z,2026-04-06T20:26Z,0-0,2217,s:40~l:54~t:2217,Fairfield,Stags,Fairfield,FAIR,000000,,https://a.espncdn.com/i/teamlogos/ncaa/500/2217.png,21,week,FALSE,3,Week 3,2026,2025-07-01T07:00Z,2026-04-08T06:59Z,2025-26,3,Postseason,post,http://sports.core.api.espn.pvt/v2/sports/basketball/leagues/womens-college-basketball/seasons/2026/awards?lang=en&region=us,week,1
2,Coaches Poll,Coaches Poll,usa,2026 NCAA Basketball Rankings - Coaches Poll Week 3,2026 : Week 3,0,0,1,0,+26,2026-04-06T07:00Z,2026-04-06T20:26Z,0-0,256,s:40~l:54~t:256,James Madison,Dukes,James Madison,JMU,450084,,https://a.espncdn.com/i/teamlogos/ncaa/500/256.png,21,week,FALSE,3,Week 3,2026,2025-07-01T07:00Z,2026-04-08T06:59Z,2025-26,3,Postseason,post,http://sports.core.api.espn.pvt/v2/sports/basketball/leagues/womens-college-basketball/seasons/2026/awards?lang=en&region=us,week,1
2,Coaches Poll,Coaches Poll,usa,2026 NCAA Basketball Rankings - Coaches Poll Week 3,2026 : Week 3,0,0,1,0,+26,2026-04-06T07:00Z,2026-04-06T20:26Z,0-0,152,s:40~l:54~t:152,NC State,Wolfpack,NC State,NCSU,cc0000,,https://a.espncdn.com/i/teamlogos/ncaa/500/152.png,21,week,FALSE,3,Week 3,2026,2025-07-01T07:00Z,2026-04-08T06:59Z,2025-26,3,Postseason,post,http://sports.core.api.espn.pvt/v2/sports/basketball/leagues/womens-college-basketball/seasons/2026/awards?lang=en&region=us,week,1
2,Coaches Poll,Coaches Poll,usa,2026 NCAA Basketball Rankings - Coaches Poll Week 3,2026 : Week 3,0,0,1,0,+26,2026-04-06T07:00Z,2026-04-06T20:26Z,0-0,38,s:40~l:54~t:38,Colorado,Buffaloes,Colorado,COLO,cfb87c,,https://a.espncdn.com/i/teamlogos/ncaa/500/38.png,21,week,FALSE,3,Week 3,2026,2025-07-01T07:00Z,2026-04-08T06:59Z,2025-26,3,Postseason,post,http://sports.core.api.espn.pvt/v2/sports/basketball/leagues/womens-college-basketball/seasons/2026/awards?lang=en&region=us,week,1
